{
  "users": [
    {
      "email": "marco@dd.com",
      "password": "$2a$10$gL2Voo3Ue7ycJa1JWqBY9uFBgcW7DsDrLDcYP717.tORDEqz8SBSu",
      "name": "marco",
      "surname": "rossi",
      "id": 1
    },
    {
      "email": "l@r.p",
      "password": "$2a$10$tlv3BiGKK3FpYYlEWqd11.W2PZJvmtuH3TSs0.eLegYy2bvN6sRne",
      "name": "luca",
      "surname": "rui",
      "id": 2
    }
  ],
  "sports": [
    {
      "nome": "calcio",
      "id": 1
    },
    {
      "nome": "tennis",
      "id": 2
    }
  ]
}